# Digitized from Steinberg & Heizler 2022, ApJS 258, 14 (arXiv:2108.13453) Fig. 8(a)
# Crooked-pipe material temperature vs time (Gentile 2001).
# Probes: P1 (r=0,z=0.25), P2 (0,2.75), P3 (1.25,3.5), P4 (0,4.25), P5 (0,6.75) cm
# t_ns, T1_keV, T2_keV, T3_keV, T4_keV, T5_keV
# t_ns,T1_keV,T2_keV,T3_keV,T4_keV,T5_keV
0.01,0.049995565,0.049995565,0.049995565,0.04981815,0.049640735
0.010292748,0.050022891,0.049995155,0.049995564,0.049818152,0.049640736
0.010594066,0.050477363,0.049994045,0.049995549,0.049818157,0.049640738
0.010904204,0.05094514,0.049992903,0.049995533,0.049818162,0.04964074
0.011223423,0.051426611,0.049991727,0.049995517,0.049818167,0.049640742
0.011551986,0.051922177,0.049990516,0.0499955,0.049818172,0.049640744
0.011890167,0.052432251,0.049989271,0.049995483,0.049818178,0.049640746
0.012238249,0.052957257,0.049987989,0.049995466,0.049818184,0.049640749
0.012596521,0.053497632,0.049986669,0.049995448,0.04981819,0.049640751
0.012965282,0.054035529,0.049985311,0.049995429,0.049818196,0.049640753
0.013344837,0.0544316,0.049983913,0.04999541,0.049818202,0.049640755
0.013735504,0.054830061,0.049982474,0.04999539,0.049818208,0.049640758
0.014137608,0.055231367,0.049980993,0.04999537,0.049818215,0.04964076
0.014551483,0.055644422,0.049979468,0.049995349,0.049818222,0.049640763
0.014977475,0.056069568,0.049977899,0.049995327,0.049818229,0.049640765
0.015415937,0.056507161,0.049976284,0.049995305,0.049818236,0.049640768
0.015867235,0.056957564,0.049974622,0.049995282,0.049818244,0.049640771
0.016331745,0.057421153,0.049972911,0.049995259,0.049818251,0.049640774
0.016809853,0.057898312,0.04997115,0.049995235,0.049818259,0.049640777
0.017301957,0.058389441,0.049969337,0.04999521,0.049818267,0.04964078
0.017808468,0.058894947,0.049967471,0.049995184,0.049818276,0.049640783
0.018329807,0.059389876,0.049965551,0.049995158,0.049818284,0.049640786
0.018866408,0.059870555,0.049963574,0.049995131,0.049818293,0.04964079
0.019418718,0.060318445,0.04996154,0.049995103,0.049818302,0.049640793
0.019987196,0.060779448,0.049959446,0.049995074,0.049818312,0.049640797
0.020572317,0.061304072,0.049957291,0.049995045,0.049818321,0.0496408
0.021174567,0.062055227,0.049955073,0.049995014,0.049818331,0.049640804
0.021794448,0.062843333,0.049952789,0.049994983,0.049818342,0.049640808
0.022432475,0.063664507,0.049950439,0.049994951,0.049818352,0.049640812
0.023089181,0.06450972,0.04994802,0.049994918,0.049818363,0.049640816
0.023765111,0.065379677,0.049945531,0.049994883,0.049818374,0.04964082
0.024460829,0.066275101,0.049942968,0.049994848,0.049818386,0.049640824
0.025176915,0.067196739,0.04994033,0.049994812,0.049818398,0.049640829
0.025913963,0.068139474,0.049937615,0.049994775,0.04981841,0.049640833
0.026672588,0.069090743,0.049934821,0.049994737,0.049818422,0.049640838
0.027453422,0.070015881,0.049931945,0.049994697,0.049818435,0.049640843
0.028257115,0.070938263,0.049928985,0.049994656,0.049818448,0.049640848
0.029084336,0.071887647,0.049925938,0.049994615,0.049818462,0.049640853
0.029935773,0.072864824,0.049922802,0.049994572,0.049818476,0.049640858
0.030812136,0.073870608,0.049919574,0.049994527,0.049818491,0.049640864
0.031714154,0.074905836,0.049916251,0.049994482,0.049818506,0.049640869
0.032642579,0.07597137,0.049912831,0.049994435,0.049818521,0.049640875
0.033598183,0.077068097,0.049909311,0.049994387,0.049818537,0.049640881
0.034581762,0.07819693,0.049905688,0.049994337,0.049818553,0.049640887
0.035594135,0.079364818,0.049901959,0.049994286,0.04981857,0.049640893
0.036636145,0.080621446,0.049898121,0.049994233,0.049818587,0.0496409
0.03770866,0.082053565,0.049894171,0.049994179,0.049818605,0.049640906
0.038812573,0.083663145,0.049890105,0.049994123,0.049818623,0.049640913
0.039948802,0.085319845,0.049885919,0.049994066,0.049818642,0.04964092
0.041118294,0.087025045,0.049881612,0.049994007,0.049818661,0.049640927
0.042322023,0.088780163,0.049877178,0.049993946,0.049818681,0.049640935
0.04356099,0.090586663,0.049872614,0.049993883,0.049818701,0.049640943
0.044836228,0.092417545,0.049867917,0.049993819,0.049818722,0.04964095
0.046148799,0.094131308,0.049863082,0.049993753,0.049818744,0.049640959
0.047499794,0.095841985,0.049858106,0.049993684,0.049818766,0.049640967
0.04889034,0.097559195,0.049852984,0.049993614,0.049818789,0.049640976
0.050321594,0.099326676,0.049847712,0.049993542,0.049818813,0.049640984
0.051794747,0.1011459,0.049842286,0.049993467,0.049818837,0.049640994
0.053311026,0.10301838,0.049836701,0.049993391,0.049818862,0.049641003
0.054871694,0.10494568,0.049830952,0.049993312,0.049818888,0.049641013
0.056478051,0.10697119,0.049825036,0.049993231,0.049818915,0.049641023
0.058131433,0.10923771,0.049818945,0.049993147,0.049818942,0.049641033
0.059833217,0.11178463,0.049812677,0.049993061,0.04981897,0.049641043
0.061584821,0.11455207,0.049806225,0.049992973,0.049818999,0.049641054
0.063387703,0.11740053,0.049799584,0.049992882,0.049819029,0.049641065
0.065243363,0.12033237,0.049792749,0.049992788,0.04981906,0.049641077
0.067153348,0.12335004,0.049785714,0.049992692,0.049819091,0.049641089
0.069119247,0.12624004,0.049778473,0.049992592,0.049819124,0.049641101
0.071142697,0.12913685,0.04977102,0.04999249,0.049819157,0.049641113
0.073225383,0.13201456,0.049763348,0.049992385,0.049819191,0.049641126
0.07536904,0.13497652,0.049755452,0.049992277,0.049819227,0.04964114
0.077575451,0.13802518,0.049747325,0.049992165,0.049819263,0.049641153
0.079846455,0.1411631,0.04973896,0.04999205,0.049819301,0.049641167
0.082183942,0.14420068,0.04973035,0.049991932,0.049819339,0.049641182
0.084589858,0.14709844,0.049721488,0.049991811,0.049819379,0.049641197
0.087066207,0.14995238,0.049712367,0.049991686,0.04981942,0.049641212
0.08961505,0.15287021,0.049702978,0.049991557,0.049819462,0.049641228
0.09223851,0.15587345,0.049693315,0.049991425,0.049819506,0.049641244
0.094938772,0.15896461,0.049683369,0.049991288,0.04981955,0.049641261
0.097718083,0.16214837,0.049673132,0.049991148,0.049819596,0.049641278
0.10057876,0.16544552,0.049662595,0.049991003,0.049819643,0.049641296
0.10352318,0.16908499,0.049651749,0.049990855,0.049819692,0.049641314
0.1065538,0.17307593,0.049672972,0.049990701,0.049819742,0.049641333
0.10967313,0.17718371,0.049754042,0.049990544,0.049819794,0.049641352
0.11288379,0.18141174,0.049857298,0.049990382,0.049819847,0.049641372
0.11618844,0.18576354,0.049969642,0.049990215,0.049819901,0.049641393
0.11958983,0.19024274,0.050085275,0.049990043,0.049819958,0.049641414
0.12309079,0.19485307,0.050204293,0.049989866,0.049820015,0.049641435
0.12669425,0.19959837,0.050326795,0.049989684,0.049820075,0.049641458
0.13040319,0.20382753,0.050452883,0.049989497,0.049820136,0.049641481
0.13422072,0.20763419,0.050582663,0.049989304,0.049820199,0.049641504
0.13815,0.21149476,0.050716242,0.049989105,0.049820264,0.049641529
0.14219431,0.21546577,0.050853731,0.049988901,0.049820331,0.049641554
0.14635701,0.21955303,0.050995245,0.049988691,0.0498204,0.04964158
0.15064158,0.22408462,0.051140903,0.049988474,0.049820471,0.049641606
0.15505158,0.22910593,0.05127495,0.049988252,0.049820544,0.049641633
0.15959068,0.23544911,0.051403648,0.049988022,0.049820619,0.049641662
0.16426266,0.24197799,0.051527782,0.049987786,0.049820696,0.04964169
0.16907141,0.24869691,0.051655551,0.049987543,0.049820775,0.04964172
0.17402094,0.25507498,0.051787059,0.049987293,0.049820857,0.049641751
0.17911536,0.2610913,0.051922417,0.049987036,0.049820941,0.049641783
0.18435892,0.26648603,0.052061738,0.049986771,0.049821028,0.049641815
0.18975599,0.27203869,0.052205138,0.049986499,0.049821117,0.049641848
0.19531105,0.27775389,0.052352735,0.049986218,0.049821209,0.049641883
0.20102874,0.28363641,0.052504654,0.049985929,0.049821303,0.049641918
0.20691381,0.28969114,0.05266102,0.049985632,0.0498214,0.049641955
0.21297116,0.29589233,0.052818237,0.049985326,0.049821501,0.049641992
0.21920585,0.30163275,0.05297667,0.049985011,0.049821604,0.049642031
0.22562305,0.30745561,0.053122382,0.049984687,0.04982171,0.049642071
0.23222811,0.313345,0.053271211,0.049984353,0.049821819,0.049642112
0.23902653,0.31940681,0.053424397,0.04998401,0.049821931,0.049642154
0.24602398,0.32520327,0.053582068,0.049983656,0.049822047,0.049642197
0.25322628,0.329973,0.053744354,0.049983292,0.049822166,0.049642242
0.26063942,0.33467255,0.053911391,0.049982918,0.049822288,0.049642288
0.26826958,0.33941034,0.054083319,0.049982533,0.049822414,0.049642335
0.27612311,0.34428684,0.054260279,0.049982136,0.049822544,0.049642384
0.28420655,0.3486265,0.05444242,0.049981728,0.049822678,0.049642434
0.29252663,0.35240264,0.054629893,0.049981307,0.049822815,0.049642485
0.30109028,0.35508143,0.054822854,0.049980875,0.049822957,0.049642538
0.30990463,0.35771517,0.055021464,0.049980429,0.049823102,0.049642593
0.31897702,0.36042601,0.055233152,0.049979971,0.049823252,0.049642649
0.328315,0.36321621,0.055475747,0.049979499,0.049823406,0.049642707
0.33792635,0.36608809,0.055784571,0.049979014,0.049823565,0.049642767
0.34781907,0.36904405,0.056136018,0.049978514,0.049823729,0.049642828
0.35800139,0.37205676,0.056497753,0.049978,0.049823897,0.049642891
0.3684818,0.37513233,0.056870079,0.04997747,0.04982407,0.049642956
0.37926902,0.37657626,0.057253304,0.049976926,0.049824248,0.049643023
0.39037203,0.37797596,0.057647747,0.049976365,0.049824432,0.049643091
0.40180009,0.37941663,0.058053738,0.049975787,0.049824621,0.049643162
0.41356269,0.38089948,0.058471615,0.049975193,0.049824815,0.049643235
0.42566965,0.38242573,0.058901724,0.049974582,0.049825015,0.04964331
0.43813103,0.38399667,0.059342807,0.049973952,0.049825221,0.049643387
0.45095721,0.38561359,0.059783427,0.049973304,0.049825433,0.049643467
0.46415888,0.38727786,0.060236782,0.049972637,0.049825651,0.049643549
0.47774703,0.38899084,0.060703256,0.049971951,0.049825876,0.049643633
0.49173296,0.39075397,0.061183385,0.049971245,0.049826107,0.04964372
0.50612834,0.39256871,0.061677569,0.049970517,0.049826345,0.049643809
0.52094513,0.39443658,0.062186221,0.049969769,0.049826589,0.049643901
0.53619568,0.39622094,0.062709764,0.049968999,0.049826841,0.049643995
0.55189268,0.39757113,0.063248633,0.049968206,0.049827101,0.049644092
0.56804922,0.3986954,0.063803278,0.04996739,0.049827368,0.049644192
0.58467873,0.3996962,0.064410679,0.04996655,0.049827642,0.049644295
0.60179506,0.4007263,0.065062963,0.049965685,0.049827925,0.049644401
0.61941248,0.40178656,0.065741704,0.049964795,0.049828216,0.049644511
0.63754564,0.40287785,0.066440399,0.049963879,0.049828516,0.049644623
0.65620964,0.40400109,0.067159549,0.049962936,0.049828824,0.049644739
0.67542003,0.40515722,0.067899751,0.049961966,0.049829142,0.049644858
0.6951928,0.40634719,0.068661623,0.049960967,0.049829469,0.04964498
0.71554441,0.40757199,0.069445798,0.049959939,0.049829805,0.049645106
0.73649181,0.40883265,0.07025293,0.049958881,0.049830151,0.049645236
0.75805244,0.41013022,0.071085302,0.049957792,0.049830507,0.04964537
0.78024425,0.41146577,0.071976117,0.049956671,0.049830874,0.049645507
0.80308572,0.41284043,0.072950401,0.049955517,0.049831251,0.049645649
0.82659587,0.41333052,0.074022349,0.04995433,0.04983164,0.049645794
0.85079428,0.4137305,0.075125677,0.049953107,0.04983204,0.049645944
0.87570109,0.41413248,0.076261305,0.049951849,0.049832451,0.049646099
0.90133704,0.41454622,0.077430178,0.049950554,0.049832875,0.049646257
0.92772348,0.41497208,0.07863327,0.049949221,0.049833311,0.049646421
0.95488237,0.41541041,0.079871582,0.049947849,0.04983376,0.049646589
0.98283633,0.41586157,0.081146145,0.049946437,0.049834221,0.049646762
1.0116086,0.41632593,0.082458021,0.049944984,0.049834697,0.049646941
1.0412233,0.41680389,0.083808301,0.049943488,0.049835186,0.049647124
1.0717048,0.41729584,0.08574479,0.049941948,0.04983569,0.049647313
1.1030787,0.41780219,0.087793727,0.049940363,0.049836208,0.049647508
1.1353711,0.41832337,0.08992468,0.049938732,0.049836742,0.049647708
1.1686089,0.41885981,0.092118017,0.049937053,0.049837291,0.049647914
1.2028196,0.41941194,0.094375563,0.049935325,0.049837856,0.049648126
1.2380319,0.41998024,0.096699198,0.049933546,0.049838438,0.049648344
1.274275,0.42056518,0.099077539,0.049931716,0.049839037,0.049648568
1.3115791,0.42116724,0.10151535,0.049929831,0.049839653,0.049648799
1.3499753,0.42176297,0.10349374,0.049927892,0.049840288,0.049649037
1.3894955,0.42233985,0.10552031,0.049925895,0.049840941,0.049649282
1.4301727,0.42290367,0.10760621,0.049923841,0.049841613,0.049649534
1.4720406,0.42347686,0.10975317,0.049921726,0.049842305,0.049649794
1.5151343,0.42406684,0.1120461,0.049919549,0.049843017,0.049650061
1.5594895,0.42467409,0.11471164,0.049917308,0.04984375,0.049650335
1.6051432,0.42529911,0.11769655,0.049915002,0.049844504,0.049650618
1.6521334,0.42594243,0.12091406,0.049912629,0.049845281,0.04965091
1.7004992,0.42660459,0.12422575,0.049910186,0.04984608,0.049651209
1.750281,0.42728613,0.1276344,0.049907671,0.049846902,0.049651518
1.80152,0.42798762,0.13114283,0.049905083,0.049847749,0.049651835
1.8542591,0.42870965,0.13524493,0.049902419,0.04984862,0.049652162
1.9085421,0.42945281,0.13959199,0.049899677,0.049849517,0.049652498
1.9644143,0.43021773,0.14418782,0.049896854,0.049850441,0.049652844
2.0219221,0.43100504,0.1489182,0.049893949,0.049851391,0.049653201
2.0811134,0.43181541,0.15374896,0.049890959,0.049852369,0.049653568
2.1420375,0.43264949,0.15835704,0.049887882,0.049853376,0.049653945
2.2047452,0.43350799,0.16247146,0.049884714,0.049854412,0.049654334
2.2692886,0.43416497,0.16608702,0.049881454,0.049855478,0.049654734
2.3357215,0.43477359,0.16980842,0.049878098,0.049856576,0.049655145
2.4040992,0.43530483,0.17363876,0.049874644,0.049857706,0.049655569
2.4744786,0.43585162,0.17758123,0.049871089,0.049858869,0.049656005
2.5469184,0.43641441,0.18127413,0.04986743,0.049860066,0.049656454
2.6214789,0.43699369,0.18478796,0.049863664,0.049861298,0.049656916
2.6982221,0.43758992,0.18751565,0.049859787,0.049862566,0.049657391
2.7772119,0.4382036,0.1903232,0.049855797,0.049863871,0.049657881
2.8585142,0.43883525,0.19321293,0.04985169,0.049865214,0.049658384
2.9421965,0.43948539,0.19618726,0.049847463,0.049866597,0.049658903
3.0283287,0.44015457,0.19924867,0.049843112,0.04986802,0.049659437
3.1169823,0.44084333,0.20239969,0.049838634,0.049869485,0.049659986
3.2082312,0.44153116,0.2049446,0.049834025,0.049870993,0.049660551
3.3021515,0.44213437,0.20726772,0.04982928,0.049872545,0.049661133
3.3988212,0.44270937,0.2092104,0.049824397,0.049874142,0.049661732
3.4983209,0.4432673,0.21120995,0.049819371,0.049875786,0.049662349
3.6007335,0.44384156,0.21326803,0.04985609,0.049877478,0.049662983
3.7061441,0.44443264,0.21538636,0.049897252,0.04987922,0.049663636
3.8146407,0.44504102,0.21756671,0.049943985,0.049881013,0.049664309
3.9263134,0.44566721,0.21981089,0.049992086,0.049882858,0.049665001
4.0412553,0.44631173,0.22212076,0.050041596,0.049884757,0.049665713
4.1595622,0.44697512,0.22428621,0.050092555,0.049886712,0.049666446
4.2813324,0.44765794,0.22592292,0.050145005,0.049888724,0.0496672
4.4066674,0.44836074,0.22740211,0.050198991,0.049890795,0.049667977
4.5356716,0.44908411,0.22882557,0.050254558,0.049892927,0.049668776
4.6684524,0.44982866,0.2302907,0.050311751,0.049895121,0.049669599
4.8051203,0.45059501,0.23179872,0.050370619,0.049897379,0.049670446
4.9457891,0.45138379,0.23335088,0.05043121,0.049899704,0.049671317
5.0905759,0.45214796,0.23494849,0.050493574,0.049902096,0.049672215
5.2396014,0.45279553,0.23659286,0.050557765,0.049904558,0.049673138
5.3929895,0.45305359,0.23828538,0.050623834,0.049907093,0.049674088
5.550868,0.45311249,0.24002744,0.050711866,0.049909702,0.049675067
5.7133684,0.45317311,0.2418205,0.0510493,0.049912387,0.049676073
5.880626,0.4532355,0.24366605,0.05146121,0.04991515,0.04967711
6.05278,0.45329973,0.24538067,0.051954789,0.049917995,0.049678177
6.2299737,0.45336583,0.24699651,0.052462817,0.049920923,0.049679274
6.4123548,0.45343387,0.24784469,0.052985718,0.049923937,0.049680405
6.600075,0.45350389,0.24869111,0.053523926,0.049927038,0.049681568
6.7932907,0.45357597,0.24956231,0.054091452,0.049930231,0.049682765
6.9921628,0.45365016,0.25045902,0.054685357,0.049933517,0.049683997
7.1968567,0.45372652,0.25138197,0.05532769,0.049936899,0.049685265
7.4075431,0.45380512,0.25233194,0.055988827,0.049940381,0.049686571
7.6243972,0.45388602,0.25330973,0.056669318,0.049943964,0.049687914
7.8475997,0.45396928,0.25431613,0.057369731,0.049947652,0.049689297
8.0773364,0.45405499,0.255352,0.058242881,0.049951448,0.049690721
8.3137986,0.4541432,0.2564182,0.059432223,0.049955355,0.049692186
8.5571831,0.454234,0.25751561,0.060853234,0.049959377,0.049693694
8.8076927,0.45432745,0.25842793,0.062380343,0.049963516,0.049695246
9.0655359,0.45442364,0.25928921,0.063952157,0.049967777,0.049696844
9.3309274,0.45452517,0.2600648,0.065681141,0.049972162,0.049698488
9.6040882,0.45463157,0.26086309,0.067544565,0.049976675,0.049700181
9.8852457,0.45477723,0.26168475,0.069902561,0.049981321,0.049701923
10.174634,0.4549278,0.26253047,0.072337543,0.049986103,0.049703716
10.472494,0.45508279,0.26340094,0.074843809,0.049994639,0.049705562
10.779074,0.45524231,0.2642969,0.077423446,0.050031357,0.049707461
11.094629,0.4554065,0.26521908,0.080078601,0.050098688,0.049709417
11.419422,0.4555755,0.26616827,0.082811485,0.050195112,0.049711429
11.753723,0.45574945,0.26714524,0.085624373,0.050294359,0.0497135
12.09781,0.45592848,0.26815081,0.088514336,0.050396511,0.049715632
12.451971,0.45611276,0.26918581,0.091294861,0.050501654,0.049717827
12.816499,0.45630244,0.27025112,0.094104351,0.050609874,0.049720085
13.1917,0.45649766,0.27134207,0.096927188,0.050721263,0.04972241
13.577884,0.4566986,0.27246037,0.099832663,0.050835913,0.049724803
13.975373,0.45690543,0.27322271,0.1028232,0.050953919,0.049727266
14.384499,0.45711831,0.27399186,0.10590127,0.051075379,0.049729801
14.805602,0.45733742,0.27478352,0.10888099,0.051237353,0.04973241
15.239032,0.45756294,0.27559836,0.1118055,0.051518731,0.049735096
15.685152,0.45779507,0.27643706,0.11422067,0.051991262,0.04973786
16.144331,0.45803399,0.27730031,0.11670654,0.052477626,0.049740705
16.616953,0.45827991,0.27818882,0.11926519,0.052978229,0.049743634
17.10341,0.45853303,0.27910335,0.12189874,0.053493486,0.049746648
17.604108,0.45879355,0.28004466,0.12452033,0.054023828,0.04974975
18.119465,0.45906171,0.28101351,0.12700559,0.054569695,0.049752943
18.649908,0.45934028,0.28201074,0.12923404,0.055131543,0.04975623
19.19588,0.45962959,0.28303715,0.13138892,0.055823817,0.049759613
19.757835,0.45993892,0.28409362,0.13360688,0.056688806,0.049763095
20.336241,0.46025731,0.28518101,0.13588977,0.057627332,0.049766679
20.93158,0.46058503,0.28630023,0.1382395,0.058602635,0.049770368
21.544347,0.46092233,0.28745222,0.1404666,0.05960649,0.049774164
22.175053,0.46126951,0.28863793,0.14256457,0.061064396,0.049778072
22.824222,0.46162686,0.28985836,0.14437194,0.062794594,0.049782095
23.492396,0.46199466,0.29111451,0.14623222,0.064655251,0.049786235
24.180131,0.46237324,0.29176916,0.14814696,0.066570378,0.049790496
24.887999,0.46276289,0.29233364,0.15011776,0.06854157,0.049794882
25.616589,0.46316395,0.29283275,0.15214625,0.070920287,0.049799397
26.366509,0.46357676,0.29334647,0.15423413,0.073623012,0.049804043
27.138383,0.46400165,0.29387524,0.15638312,0.076913149,0.049808826
27.932853,0.46443897,0.29441948,0.15847416,0.080218024,0.049815739
28.75058,0.4648891,0.29497965,0.16043171,0.083533689,0.049880017
29.592247,0.46535241,0.29555622,0.1620677,0.086533712,0.049980241
30.458553,0.46582928,0.29614967,0.16365266,0.08962156,0.050128197
31.350221,0.46632011,0.2967605,0.16528402,0.092799804,0.050280485
32.267991,0.46682531,0.2973892,0.16696315,0.09642412,0.050437231
33.212629,0.4673453,0.29803631,0.16869142,0.10033273,0.050598566
34.184921,0.46788051,0.29870237,0.1704703,0.10465566,0.050764624
35.185677,0.46843139,0.29938792,0.17230124,0.10824605,0.050935543
36.21573,0.46899839,0.30009354,0.17418579,0.1114681,0.051111465
37.275937,0.469582,0.30081982,0.17579653,0.1138055,0.051300304
38.367182,0.47018269,0.30156737,0.17738219,0.11621134,0.051504607
39.490372,0.47080097,0.30232458,0.17898813,0.1186876,0.051778882
40.646444,0.47099288,0.30308711,0.18064108,0.12123635,0.052073218
41.836359,0.47095368,0.30361476,0.18234243,0.12384732,0.05237617
43.061109,0.47088802,0.30410632,0.18409358,0.12651435,0.052687991
44.321713,0.47082043,0.30461226,0.185896,0.12925211,0.053008941
45.619221,0.47075087,0.30513302,0.18775118,0.13206804,0.053339286
46.954714,0.47067928,0.30566903,0.18951152,0.13496641,0.053706703
48.329302,0.47060558,0.30622073,0.19114431,0.13789835,0.054118977
49.744132,0.47052973,0.30678857,0.19243487,0.1408588,0.054565421
51.20038,0.47045166,0.30737304,0.19376321,0.14255275,0.055028877
52.699259,0.4703713,0.30797463,0.19513043,0.14429628,0.055505901
54.242018,0.47028859,0.30859382,0.19653768,0.14609085,0.05599689
55.829941,0.47020346,0.30923114,0.19798613,0.14793797,0.056523026
57.46435,0.47011584,0.30988711,0.19947698,0.14983915,0.057429863
59.146605,0.47002565,0.31056229,0.20101147,0.15179599,0.058405303
60.878109,0.46993283,0.31125724,0.20259089,0.15381012,0.059460215
62.660302,0.46983728,0.31197253,0.20421654,0.15588321,0.060587118
64.494668,0.46973894,0.31270876,0.20588978,0.15801699,0.061896644
66.382734,0.46963772,0.31346654,0.20761201,0.16021323,0.063659479
68.326074,0.46953353,0.31424651,0.20938465,0.16247377,0.06547392
70.326304,0.46947721,0.31504931,0.21113494,0.16473426,0.067349109
72.385091,0.4694592,0.31587561,0.2128782,0.16697427,0.069397626
74.504148,0.46956554,0.31672611,0.2142231,0.16908605,0.071828991
76.68524,0.46967854,0.3176015,0.21559457,0.17125966,0.074711896
78.930183,0.46979486,0.31850251,0.2170062,0.17349689,0.077498274
81.240846,0.46991457,0.31942844,0.21845915,0.17579962,0.080252182
83.619153,0.47003779,0.32011801,0.21995464,0.17816977,0.082847594
86.067085,0.47016462,0.32079615,0.2214939,0.1806093,0.085518987
88.586679,0.47029516,0.32144928,0.22307823,0.18301128,0.088228781
91.180034,0.47042953,0.32212153,0.22470894,0.18520898,0.090465827
93.849309,0.47056782,0.32281346,0.22638739,0.18693116,0.09262929
96.596726,0.47071017,0.32352564,0.22811497,0.18870375,0.094696677
99.424573,0.47085668,0.32425868,0.22989313,0.19052824,0.096824586
102.3352,0.47100748,0.32501317,0.23172335,0.19240615,0.09892348
105.33104,0.4711627,0.32578975,0.23360714,0.19433902,0.10083618
108.41459,0.47132246,0.32658907,0.23554608,0.19632848,0.10261587
111.5884,0.47148689,0.32741178,0.23731477,0.19837619,0.10435475
114.85512,0.47165614,0.32825858,0.23898399,0.20048383,0.10614453
118.21748,0.47183035,0.32913017,0.24025834,0.20265318,0.1079867
121.67827,0.47200965,0.33002728,0.24157001,0.20449482,0.10988281
125.24038,0.47219421,0.33095065,0.24292007,0.20623302,0.11171668
128.90676,0.47238417,0.33190105,0.24430966,0.20781534,0.11347875
132.68047,0.47257977,0.33287927,0.24573992,0.20944398,0.11500716
136.56467,0.47278132,0.3336687,0.24721206,0.21112029,0.1165803
140.56257,0.47298923,0.33428618,0.24872729,0.21284568,0.11819951
144.6775,0.47320343,0.33481737,0.25028688,0.21462158,0.11986611
148.9129,0.47342391,0.33535761,0.25189213,0.21644947,0.1215815
153.27229,0.47365084,0.33591365,0.25354437,0.21833087,0.12334711
157.75931,0.47388441,0.33648598,0.25524498,0.22026734,0.12486948
162.37767,0.47412482,0.33707506,0.25670989,0.22226051,0.12636904
167.13124,0.47437227,0.33768138,0.25812223,0.22426095,0.12784076
172.02397,0.47462697,0.33830546,0.25943026,0.22628548,0.12935556
177.05994,0.47488911,0.3389478,0.26077659,0.22826296,0.13091471
182.24332,0.47515894,0.33960895,0.26216232,0.23029833,0.13251951
187.57846,0.47543666,0.34028945,0.26358863,0.23239329,0.13417128
193.06977,0.47572251,0.34098988,0.26505669,0.23454958,0.13587141
198.72185,0.47601673,0.34169617,0.26656773,0.23676899,0.13762131
204.53938,0.47631957,0.34239735,0.268123,0.23905337,0.13937449
210.52723,0.47663127,0.34304374,0.2697238,0.24114162,0.14106142
216.69036,0.47695209,0.34370906,0.27137147,0.24309026,0.1427543
223.03393,0.47728231,0.34439385,0.27306737,0.24435622,0.14447731
229.56319,0.47759988,0.34509869,0.27481291,0.24565924,0.14625076
236.2836,0.47783295,0.34582416,0.27660956,0.24700041,0.14807613
243.20075,0.47801738,0.34657087,0.27845881,0.24838083,0.14995494
250.3204,0.47817022,0.34733944,0.28035251,0.24980167,0.15188875
257.64847,0.47832754,0.34813051,0.28150451,0.25126411,0.15387917
265.19107,0.47848946,0.34894474,0.2826888,0.25276935,0.15592786
272.95448,0.47865612,0.34978281,0.2839058,0.25431866,0.15751085
280.94516,0.47882766,0.35064541,0.28515842,0.25591333,0.15887677
289.16977,0.47900422,0.35153326,0.28644771,0.25755468,0.15996403
297.63514,0.47918595,0.3524471,0.28777474,0.25924408,0.16108312
306.34835,0.479373,0.3533877,0.28914062,0.26065727,0.16223497
315.31662,0.47956553,0.35435414,0.29054649,0.26203997,0.16342054
324.54745,0.47976369,0.35534755,0.29199352,0.26336168,0.16464082
334.0485,0.47996765,0.35636773,0.2934829,0.26472207,0.16589682
343.82769,0.48017759,0.35741779,0.29501589,0.26612229,0.1671896
353.89317,0.48039367,0.35849858,0.29659376,0.2675635,0.16851668
364.25331,0.48061607,0.35961102,0.29816172,0.2690469,0.16985331
374.91674,0.48084499,0.36075602,0.29963147,0.27057373,0.17095647
385.89235,0.48106007,0.36193454,0.30103926,0.27214526,0.1718266
397.18926,0.48126002,0.36291227,0.30244085,0.27376279,0.17272221
408.81688,0.48135596,0.36362078,0.30388347,0.27542768,0.17364403
420.7849,0.48145472,0.36390635,0.30536832,0.27713216,0.17459283
433.10329,0.48155636,0.36420028,0.30689664,0.27882665,0.17556942
445.78229,0.48166099,0.36450281,0.3084697,0.28037877,0.17657459
458.83246,0.48176867,0.3648142,0.31008881,0.28197633,0.17760919
472.26468,0.48187951,0.3651347,0.31175533,0.28362066,0.17867407
486.09012,0.48199359,0.36546459,0.31347063,0.28531312,0.17977013
500.3203,0.48211101,0.36580413,0.31515637,0.28705513,0.18089828
514.96706,0.48223187,0.36615361,0.31641495,0.28884814,0.18200216
530.0426,0.48235626,0.36651333,0.31767959,0.29069364,0.18301478
545.55948,0.4824843,0.36688357,0.31895611,0.29254794,0.18398471
561.53061,0.48261609,0.36743346,0.32027001,0.29433779,0.18495467
577.96929,0.48275173,0.36843287,0.32162236,0.29559385,0.18595303
594.88921,0.48289135,0.36957537,0.32301431,0.29661653,0.18698061
612.30445,0.48322008,0.37080209,0.324447,0.29766915,0.18803828
630.22953,0.48361144,0.37206472,0.32592164,0.29875258,0.1891269
648.67935,0.48401538,0.37336432,0.32743944,0.29986773,0.1902474
667.66929,0.48443115,0.37470196,0.32872157,0.30101552,0.1914007
687.21516,0.48485909,0.37607876,0.32984855,0.30219692,0.19258776
707.33323,0.48529955,0.37749586,0.33073862,0.3034129,0.19378306
728.04025,0.48575291,0.37895445,0.33165474,0.30466448,0.19483238
749.35346,0.48621954,0.38045575,0.33259767,0.30594024,0.19584561
771.29061,0.48669984,0.381647,0.33356822,0.30717629,0.1968286
793.86997,0.48719419,0.38102639,0.33456717,0.30842701,0.19784036
817.11033,0.48770302,0.38027946,0.33559537,0.30969649,0.19888174
841.03105,0.48797442,0.37942929,0.33665367,0.31100313,0.1999536
865.65204,0.48810432,0.37855424,0.33773739,0.31234802,0.20091282
890.99381,0.48810432,0.37765356,0.33874918,0.31373228,0.20179451
917.07745,0.48810432,0.37672652,0.33975151,0.31515707,0.20236175
943.92468,0.48810432,0.37654573,0.34073673,0.3163488,0.20294559
971.55786,0.48810432,0.37654573,0.34086756,0.3163488,0.20354653
1000,0.48810432,0.37654573,0.34086756,0.3163488,0.20358378
